{
  "inputs": [
    {
      "num__Time_spent_Alone": -1.0255817445039044,
      "num__Social_event_attendance": 0.3815730312950276,
      "num__Going_outside": 1.8030349561018535,
      "num__Friends_circle_size": 1.1311534439406687,
      "num__Post_frequency": 1.555932231916972,
      "cat__Stage_fear": 0.0,
      "cat__Drained_after_socializing": 0.0
    }
  ]
}